City_ID,City,Lat,Lng,Max Temp,Humidity,Cloudiness,Wind Speed,Country,Date
0,grytviken,-54.2811,-36.5092,0.5,80,12,4.23,GS,1683570832
1,tiksi,71.6872,128.8694,-12.88,90,100,4.18,RU,1683570833
2,san patricio,28.017,-97.5169,31.92,57,71,7.31,US,1683570833
3,yellowknife,62.456,-114.3525,11.29,66,75,3.6,CA,1683570834
4,adamstown,-25.066,-130.1015,21.78,55,100,7.32,PN,1683570834
5,remire-montjoly,4.9167,-52.2667,29.02,74,75,6.17,GF,1683570834
6,albany,42.6001,-73.9662,21.68,36,7,1.79,US,1683570668
7,papatowai,-46.5619,169.4708,14.51,84,100,3.19,NZ,1683570835
8,olonkinbyen,70.9221,-8.7187,1.67,100,100,1.81,SJ,1683570835
9,tazacorte,28.629,-17.9293,22.54,68,20,9.77,ES,1683570835
10,ushuaia,-54.8,-68.3,10.81,46,40,6.69,AR,1683570779
11,port elizabeth,-33.918,25.5701,19.16,92,0,3.6,ZA,1683570836
12,rongelap,11.1635,166.8941,27.09,81,100,8.5,MH,1683570836
13,ilulissat,69.2167,-51.1,0.01,86,75,2.57,GL,1683570837
14,ketchikan,55.3422,-131.6461,11.26,71,20,4.63,US,1683570837
15,pandan,14.0453,124.1694,25.91,84,33,1.83,PH,1683570837
16,invercargill,-46.4,168.35,12.19,95,94,2.16,NZ,1683570568
17,isafjordur,66.0755,-23.124,8.02,76,20,7.2,IS,1683570838
18,ukwa,21.9667,80.4667,27.02,42,12,1.39,IN,1683570838
19,nampula,-15.1165,39.2666,21.97,68,0,3.09,MZ,1683570843
20,el granada,37.5027,-122.4694,17.73,84,75,4.63,US,1683570844
21,hawaiian paradise park,19.5933,-154.9731,25.02,77,20,2.06,US,1683570844
22,sijunjung,-0.6876,100.9537,21.83,89,77,1.13,ID,1683570844
23,rabo de peixe,37.8,-25.5833,16.73,94,75,2.57,PT,1683570844
24,guerrero negro,27.9769,-114.0611,19.29,59,1,8.75,MX,1683570845
25,yigou,35.8114,114.3167,14.29,40,100,2.3,CN,1683570845
26,kodiak,57.79,-152.4072,2.73,87,100,9.77,US,1683570702
27,bonthe,7.5264,-12.505,28.67,76,100,4.48,SL,1683570846
28,yaren,-0.5472,166.916,28.64,76,100,3.69,NR,1683570846
29,atafu village,-8.5421,-172.5159,28.96,77,3,5.83,TK,1683570846
30,saint-louis,16.3333,-15.0,41.8,8,100,2.54,SN,1683570846
31,columbus,39.9612,-82.9988,25.26,65,75,2.06,US,1683570833
32,nicoya,10.1483,-85.452,35.83,26,100,2.8,CR,1683570847
33,bredasdorp,-34.5322,20.0403,13.89,93,60,1.17,ZA,1683570847
34,rath,25.5833,79.5667,33.38,22,5,0.41,IN,1683570847
35,uturoa,-16.7333,-151.4333,27.68,73,29,4.09,PF,1683570848
36,port-aux-francais,-49.35,70.2167,5.02,94,100,16.31,TF,1683570848
37,blackmans bay,-43.0167,147.3167,10.41,77,67,6.41,AU,1683570848
38,pekanbaru,0.5333,101.45,26.18,94,75,0.0,ID,1683570849
39,happy valley-goose bay,53.3168,-60.3315,5.17,56,75,7.2,CA,1683570611
40,fortuna,40.5982,-124.1573,12.77,79,75,3.41,US,1683570849
41,kotido,2.9806,34.1331,23.89,66,92,2.26,UG,1683570850
42,sungai penuh,-2.0833,101.3833,17.72,90,88,0.63,ID,1683570850
43,miles city,46.4083,-105.8406,17.54,51,75,1.54,US,1683570689
44,lorengau,-2.0226,147.2712,27.71,77,100,1.83,PG,1683570850
45,i-n-salah,27.1935,2.4607,33.1,9,0,5.69,DZ,1683570851
46,aykhal,66.0,111.5,-4.36,95,100,5.65,RU,1683570851
47,college,64.8569,-147.8028,7.55,62,75,2.06,US,1683570851
48,constantia,44.1833,28.65,10.39,91,100,4.1,RO,1683570851
49,alegrete,-29.7831,-55.7919,20.64,60,0,2.9,BR,1683570702
50,kurumkan,54.3,110.3,5.94,69,9,0.95,RU,1683570852
51,kiffa,16.6166,-11.4045,37.95,9,100,3.67,MR,1683570852
52,puerto natales,-51.7236,-72.4875,7.25,70,100,2.57,CL,1683570669
53,kuta,-8.7233,115.1723,27.97,88,40,5.81,ID,1683570853
54,cockburn town,21.4612,-71.1419,26.87,74,5,5.86,TC,1683570721
55,dudinka,69.4058,86.1778,-1.32,95,100,2.5,RU,1683570853
56,kruisfontein,-34.0033,24.7314,17.71,88,100,2.4,ZA,1683570853
57,tofol,5.3248,163.0078,28.48,77,100,5.81,FM,1683570854
58,hermanus,-34.4187,19.2345,15.65,87,1,1.78,ZA,1683570854
59,talnakh,69.4865,88.3972,-1.55,96,100,3.03,RU,1683570804
60,ribeira grande,38.5167,-28.7,17.22,88,40,2.24,PT,1683570854
61,zarghun shahr,32.8473,68.4457,14.4,24,0,3.53,AF,1683570854
62,iqaluit,63.7506,-68.5145,-5.15,79,20,10.8,CA,1683570565
63,codrington,-38.2667,141.9667,12.67,76,100,4.32,AU,1683570855
64,afaahiti,-17.75,-149.2833,26.93,74,100,4.77,PF,1683570855
65,arti,56.4234,58.5328,1.51,64,8,1.72,RU,1683570741
66,colonel hill,22.7667,-74.2167,25.71,78,14,6.25,BS,1683570856
67,lebu,-37.6167,-73.65,12.97,62,100,5.55,CL,1683570731
68,suva,-18.1416,178.4415,22.71,94,75,0.0,FJ,1683570801
69,el calafate,-50.3408,-72.2768,7.48,59,10,3.02,AR,1683570857
70,watsa,3.0372,29.5355,17.65,97,100,1.51,CD,1683570857
71,puerto armuelles,8.2833,-82.8667,31.99,55,84,4.13,PA,1683570857
72,ancud,-41.8697,-73.8203,9.32,77,100,0.78,CL,1683570695
73,waitangi,-43.9535,-176.5597,14.9,95,100,3.13,NZ,1683570858
74,tolanaro,-25.0319,46.9987,24.04,88,20,7.2,MG,1683570858
75,altagracia de orituco,9.8601,-66.3814,35.5,29,74,3.11,VE,1683570858
76,vidyayevo,69.3191,32.8049,1.15,97,100,5.79,RU,1683570859
77,west island,-12.1568,96.8225,26.99,89,40,3.09,CC,1683570859
78,torbat-e jam,35.244,60.6225,19.92,25,0,2.06,IR,1683570859
79,avarua,-21.2078,-159.775,25.03,88,75,4.63,CK,1683570860
80,alice springs,-23.7,133.8833,1.75,64,0,5.94,AU,1683570860
81,enewetak,11.3474,162.3373,27.36,81,100,8.13,MH,1683570861
82,ngereklmadel,7.4883,134.4856,25.05,94,75,0.0,PW,1683570861
83,camana,-16.6228,-72.7111,21.75,76,55,4.21,PE,1683570861
84,quibala,-10.7337,14.98,21.36,72,94,0.85,AO,1683570862
85,ust-nera,64.5667,143.2,-2.42,90,100,1.99,RU,1683570862
86,chadron,42.8294,-102.9999,20.54,31,0,2.24,US,1683570863
87,qaqortoq,60.7167,-46.0333,2.5,82,99,1.9,GL,1683570563
88,port alfred,-33.5906,26.891,18.43,90,100,0.45,ZA,1683570864
89,edinburgh of the seven seas,-37.0676,-12.3116,15.3,63,100,6.21,SH,1683570864
90,stanley,54.868,-1.6985,13.17,93,40,3.09,GB,1683570864
91,nova sintra,14.8667,-24.7167,20.28,81,0,9.93,CV,1683570864
92,lihue,21.9789,-159.3672,24.64,76,40,7.72,US,1683570865
93,kuhdasht,33.535,47.6061,17.67,28,6,2.69,IR,1683570865
94,alaghsas,17.0187,8.0168,36.94,12,0,4.12,NE,1683570865
95,whitehorse,60.7161,-135.0538,10.05,36,40,7.2,CA,1683570693
96,panaba,21.2833,-88.2667,38.06,27,0,4.22,MX,1683570866
97,port lincoln,-34.7333,135.8667,13.69,72,5,3.37,AU,1683570733
98,san agustin de valle fertil,-30.6335,-67.4682,22.3,32,0,5.28,AR,1683570867
99,lycksele,64.5954,18.6735,15.93,31,0,1.54,SE,1683570867
100,tual,-5.6667,132.75,27.62,84,100,6.02,ID,1683570867
101,cuajinicuilapa,16.4667,-98.4167,36.78,35,0,5.3,MX,1683570868
102,mantyharju,61.4167,26.8833,12.06,67,54,2.46,FI,1683570868
103,markaz-e woluswali-ye achin,34.1258,70.7078,18.42,37,0,1.53,AF,1683570868
104,gadzhiyevo,69.2551,33.3362,0.49,98,100,5.95,RU,1683570792
105,raja,8.4596,25.678,24.76,75,100,3.05,SS,1683570869
106,banda aceh,5.5577,95.3222,25.87,85,100,6.93,ID,1683570869
107,polyarnyy,69.1989,33.4478,0.77,98,100,5.35,RU,1683570869
108,fisterra,42.9049,-9.2629,18.34,95,100,4.13,ES,1683570870
109,inari,68.906,27.0288,7.11,99,100,1.78,FI,1683570870
110,playa del ingles,27.7567,-15.5787,24.66,56,0,2.68,ES,1683570870
111,murzuq,25.9155,13.9184,29.41,12,95,4.47,LY,1683570871
112,necochea,-38.5473,-58.7368,15.48,72,37,9.03,AR,1683570871
113,namibe,-15.1961,12.1522,23.78,76,82,3.42,AO,1683570594
114,karratha,-20.7377,116.8463,23.87,50,4,5.42,AU,1683570872
115,coahuayana de hidalgo,18.7,-103.6583,34.25,43,2,3.78,MX,1683570872
116,bandarbeyla,9.4942,50.8122,27.85,76,100,2.78,SO,1683570872
117,broken hill,-31.95,141.4333,7.99,86,10,4.66,AU,1683570873
118,ko samui,9.5357,99.9357,29.26,77,98,3.31,TH,1683570873
119,tralee,52.2704,-9.7026,13.38,86,39,2.72,IE,1683570873
120,gemena,3.25,19.7667,24.75,80,66,0.77,CD,1683570873
121,longyearbyen,78.2186,15.6401,-1.09,80,75,1.03,SJ,1683570874
122,udachny,66.4167,112.4,-3.08,49,100,9.18,RU,1683570874
123,chinchilla,-26.75,150.6333,4.44,62,0,4.71,AU,1683570874
124,fray luis a. beltran,-32.7912,-60.7282,21.12,60,0,5.14,AR,1683570875
125,toamasina,-18.1667,49.3833,23.0,94,40,3.09,MG,1683570875
126,ardakan,32.31,54.0175,29.25,10,75,6.14,IR,1683570875
127,klyuchi,52.2667,79.1667,18.83,24,44,3.95,RU,1683570876
128,bethel,41.3712,-73.414,24.45,39,0,3.6,US,1683570876
129,terrace,54.5163,-128.6035,11.95,58,20,1.54,CA,1683570876
130,port mathurin,-19.6833,63.4167,25.89,73,51,9.92,MU,1683570877
131,alofi,-19.0595,-169.9187,19.94,94,40,1.03,NU,1683570877
132,kapuskasing,49.4169,-82.4331,13.05,22,75,4.63,CA,1683570613
133,bikenibeu village,1.3673,173.1241,27.98,89,75,3.09,KI,1683570877
134,ha'il,27.5219,41.6907,27.01,16,0,6.17,SA,1683570878
135,las heras,-46.5419,-68.9359,12.89,24,100,8.72,AR,1683570878
136,anadyr,64.75,177.4833,-4.72,100,100,7.0,RU,1683570878
137,nagqu,31.5,92.0,-0.13,76,100,3.36,CN,1683570878
138,arraial do cabo,-22.9661,-42.0278,25.98,88,20,8.75,BR,1683570879
139,boyolangu,-8.1181,111.8935,24.39,95,100,0.76,ID,1683570879
140,warrnambool,-38.3833,142.4833,9.63,77,100,5.28,AU,1683570880
141,hasaki,35.7333,140.8333,11.23,63,100,8.82,JP,1683570880
142,tazovsky,67.4667,78.7,-11.14,98,100,2.07,RU,1683570434
143,iskateley,67.6803,53.1512,-0.37,97,100,6.67,RU,1683570880
144,batu pahat,1.8548,102.9325,26.61,81,96,1.28,MY,1683570881
145,saint-pierre,-21.3393,55.4781,24.82,73,0,3.6,RE,1683570881
146,puerto ayora,-0.7393,-90.3518,31.98,89,52,3.13,EC,1683570881
147,whangarei,-35.7317,174.3239,18.22,97,100,4.83,NZ,1683570882
148,montepuez,-13.1256,38.9997,19.11,70,35,1.28,MZ,1683570882
149,popondetta,-8.7537,148.2534,23.4,96,100,1.17,PG,1683570882
150,wynyard,-41.0,145.7167,8.88,89,100,4.4,AU,1683570882
151,tsiombe,-25.3,45.4833,22.14,91,2,3.78,MG,1683570883
152,ola,59.5833,151.2833,0.0,92,42,1.57,RU,1683570883
153,ruteng,-8.6136,120.4721,17.34,96,100,1.79,ID,1683570883
154,singa,13.15,33.9333,36.14,9,1,5.05,SD,1683570883
155,mon,26.75,95.1,18.58,74,0,1.57,IN,1683570884
156,khandyga,62.6667,135.6,-4.74,73,100,1.65,RU,1683570884
157,vila do maio,15.1333,-23.2167,26.44,85,0,6.82,CV,1683570884
158,yarmouth,41.7057,-70.2286,24.52,39,0,4.12,US,1683570765
159,menaka,15.9182,2.4022,36.34,10,98,2.35,ML,1683570885
160,maunabo,18.0072,-65.8993,33.96,82,35,4.22,PR,1683570885
161,zyryanskoye,56.8306,86.6258,13.95,54,41,3.28,RU,1683570885
162,nyurba,63.2842,118.3319,-7.65,92,100,2.3,RU,1683570806
163,tanjung pinang,0.9167,104.45,25.02,77,100,2.76,ID,1683570886
164,laguna,38.421,-121.4238,18.36,65,100,4.12,US,1683570886
165,georgetown,5.4112,100.3354,29.97,86,20,2.57,MY,1683570737
166,al ghayzah,16.2079,52.176,28.02,60,0,2.3,YE,1683570887
167,nogliki,51.8333,143.1667,-1.71,94,100,2.43,RU,1683570887
168,al bawiti,28.3492,28.8659,21.37,40,0,3.64,EG,1683570887
169,talcahuano,-36.7167,-73.1167,14.82,63,0,3.09,CL,1683570888
170,klaksvik,62.2266,-6.589,9.51,99,89,5.52,FO,1683570888
171,mineiros,-17.5694,-52.5511,27.4,45,27,2.05,BR,1683570888
172,tocopilla,-22.092,-70.1979,23.21,66,21,4.21,CL,1683570889
173,kerikeri,-35.2268,173.9474,19.95,95,100,3.58,NZ,1683570889
174,jamestown,42.097,-79.2353,21.4,51,0,4.12,US,1683570591
175,petropavlovsk-kamchatsky,53.0452,158.6483,2.33,70,75,2.0,RU,1683570686
176,punta arenas,-53.15,-70.9167,8.06,71,100,5.14,CL,1683570890
177,bhattiprolu,16.1,80.7833,29.65,74,100,2.5,IN,1683570890
178,bethanie,-26.4833,17.15,19.28,28,0,2.4,NA,1683570890
179,pasighat,28.0667,95.3333,19.93,71,0,2.21,IN,1683570891
180,flying fish cove,-10.4217,105.6791,26.82,89,75,3.09,CX,1683570891
181,utrik,11.2278,169.8474,26.68,84,100,7.57,MH,1683570891
182,thompson,55.7435,-97.8558,20.09,32,40,4.12,CA,1683570892
183,qui nhon,13.7667,109.2333,26.45,91,100,3.15,VN,1683570892
184,deoria,26.5047,83.7872,31.36,24,0,3.97,IN,1683570892
185,howrah,22.5892,88.3103,32.0,70,20,3.09,IN,1683570893
186,bilibino,68.0546,166.4372,-7.2,91,100,1.14,RU,1683570893
187,sangin,32.0728,64.8359,23.68,10,0,1.5,AF,1683570893
188,baranchinskiy,58.1617,59.6991,-0.12,64,8,1.8,RU,1683570894
189,san antonio de pale,-1.4014,5.6325,28.67,76,27,3.59,GQ,1683570894
190,kiunga,-6.1219,141.2906,23.49,100,100,0.26,PG,1683570894
191,tura,25.5198,90.2201,24.18,31,0,1.99,IN,1683570895
192,villa gesell,-37.2639,-56.973,17.81,64,100,9.78,AR,1683570895
193,vytegra,61.0064,36.4481,4.15,74,42,2.98,RU,1683570895
194,susuman,62.7833,148.1667,-3.5,92,70,0.44,RU,1683570808
195,yamada,39.4667,141.95,2.9,86,2,2.64,JP,1683570896
196,ellsworth,44.5434,-68.4195,18.31,37,20,5.66,US,1683570896
197,lata,40.1629,-8.3327,19.95,72,88,2.66,PT,1683570896
198,sabha,27.0377,14.4283,30.05,13,100,4.3,LY,1683570897
199,san luis de la loma,17.2706,-100.8939,32.81,48,2,4.51,MX,1683570897
200,tabou,4.423,-7.3528,27.49,81,58,3.45,CI,1683570897
201,wailua homesteads,22.0669,-159.378,24.3,76,40,7.72,US,1683570897
202,nuuk,64.1835,-51.7216,4.34,75,40,5.14,GL,1683570898
203,niebull,54.7866,8.8285,16.66,64,90,5.79,DE,1683570898
204,pratt,37.6439,-98.7376,29.31,21,0,6.17,US,1683570898
205,segou,13.4317,-6.2157,33.53,29,100,3.53,ML,1683570899
206,chui,-33.6971,-53.4616,20.79,54,12,4.67,UY,1683570623
207,lompoc,34.6391,-120.4579,20.94,70,20,7.72,US,1683570899
208,nayoro,44.3506,142.4578,2.07,94,0,1.99,JP,1683570900
209,margate,51.3813,1.3862,14.37,78,100,3.13,GB,1683570900
210,hazorasp,41.3194,61.0742,19.91,21,100,3.52,UZ,1683570900
211,vadso,70.0744,29.7487,3.09,75,75,5.14,NO,1683570900
212,aripuana,-9.1667,-60.6333,30.29,62,49,1.31,BR,1683570901
213,keflavik,64.0049,-22.5624,10.95,93,100,6.69,IS,1683570901
214,dobris,49.7811,14.1672,12.7,73,100,2.21,CZ,1683570901
215,pitimbu,-7.4706,-34.8086,30.33,72,86,4.62,BR,1683570902
216,vinaros,40.4703,0.4756,24.2,70,100,7.01,ES,1683570902
217,brumado,-14.2036,-41.6653,32.3,33,34,2.4,BR,1683570902
218,chiredzi,-21.05,31.6667,18.84,78,0,2.43,ZW,1683570903
219,nadym,65.5333,72.5167,-7.33,84,100,13.66,RU,1683570903
220,palmer,42.1584,-72.3287,23.37,31,75,8.23,US,1683570605
221,primorsk,46.7348,36.3443,8.64,86,100,9.02,UA,1683570904
222,mitu,1.1983,-70.1733,30.14,66,100,0.62,CO,1683570904
223,port sudan,19.6175,37.2164,26.69,59,5,5.31,SD,1683570904
224,vuktyl,63.8567,57.3094,-3.89,97,95,2.85,RU,1683570905
225,franceville,-1.6333,13.5836,23.79,92,92,0.8,GA,1683570905
226,aasiaat,68.7098,-52.8699,-1.76,84,100,6.14,GL,1683570905
227,palangue,14.2842,120.8114,27.66,82,63,0.81,PH,1683570906
228,margaret river,-33.95,115.0667,18.07,48,100,7.07,AU,1683570906
229,northam,51.0333,-4.2167,13.67,98,100,2.71,GB,1683570907
230,hithadhoo,-0.6,73.0833,28.42,74,54,5.18,MV,1683570907
231,labrador city,52.9463,-66.9114,1.95,41,100,4.63,CA,1683570613
232,key west,24.5557,-81.7826,29.0,60,40,5.14,US,1683570907
233,mossel bay,-34.1831,22.146,15.96,81,7,2.61,ZA,1683570908
234,gaspe,48.8334,-64.4819,9.12,29,75,2.57,CA,1683570609
235,pacasmayo,-7.4006,-79.5714,26.17,74,16,6.61,PE,1683570908
236,sandnessjoen,66.0217,12.6316,12.29,37,0,0.51,NO,1683570909
237,skovorodino,53.9833,123.9167,-2.29,70,0,2.43,RU,1683570909
238,kokopo,-4.352,152.2633,25.29,87,100,1.79,PG,1683570909
239,singleton,-32.5667,151.1833,5.05,74,5,2.19,AU,1683570910
240,nyachera,-0.9,30.4167,17.55,90,61,0.72,UG,1683570910
241,tir pul,34.5943,61.269,20.47,24,0,2.05,AF,1683570910
242,kavaratti,10.5669,72.642,29.3,59,7,3.93,IN,1683570911
243,touros,-5.1989,-35.4608,28.28,72,83,5.87,BR,1683570911
244,horta,38.5333,-28.6333,16.8,92,40,2.24,PT,1683570911
245,nar'yan-mar,67.6713,53.087,-0.31,97,100,6.74,RU,1683570912
246,jiazi,22.8779,116.067,21.61,80,100,7.52,CN,1683570912
247,greenville,35.6127,-77.3663,26.18,64,0,2.06,US,1683570912
248,christchurch,-43.5333,172.6333,19.15,68,100,6.17,NZ,1683570913
249,haiku-pauwela,20.9219,-156.3051,25.01,66,20,8.23,US,1683570913
250,chonchi,-42.6128,-73.8092,10.56,82,100,0.43,CL,1683570913
251,vilyuysk,63.7553,121.6247,-13.54,95,19,1.56,RU,1683570913
252,zemetchino,53.4973,42.6163,4.73,63,94,2.5,RU,1683570914
253,tabuk,17.4189,121.4443,23.94,93,92,0.48,PH,1683570914
254,palikir - national government center,6.9248,158.1611,24.41,94,100,1.54,FM,1683570915
255,boa vista,2.8197,-60.6733,29.99,66,75,2.06,BR,1683570915
256,daru,-9.0763,143.2092,26.49,89,100,7.28,PG,1683570915
257,lerwick,60.1545,-1.1494,9.0,98,100,7.34,GB,1683570915
258,brookings,44.3114,-96.7984,21.92,52,0,1.54,US,1683570916
259,bagua grande,-5.7561,-78.4411,30.9,59,51,1.54,PE,1683570916
260,davydovka,51.1578,39.4292,5.98,66,100,3.36,RU,1683570751
261,puerto baquerizo moreno,-0.9,-89.6,28.55,84,40,4.12,EC,1683570750
262,saudarkrokur,65.7461,-19.6394,5.79,91,100,1.79,IS,1683570917
263,dodoma,-6.1722,35.7395,19.75,74,53,5.34,TZ,1683570917
264,bandundu,-3.3167,17.3667,22.9,95,95,1.73,CD,1683570918
265,canico,32.6333,-16.85,24.84,50,20,9.26,PT,1683570918
266,qamdo,31.1667,97.2333,2.62,46,77,2.38,CN,1683570918
267,sol'-iletsk,51.1631,54.9918,7.68,46,100,7.85,RU,1683570810
268,vorgashor,67.5833,63.95,-7.15,96,100,2.82,RU,1683570919
269,quellon,-43.1167,-73.6167,10.14,87,100,0.0,CL,1683570919
270,bunyola,39.6953,2.6987,20.59,70,20,4.12,ES,1683570919
271,cabo san lucas,22.8909,-109.9124,31.61,51,0,3.6,MX,1683570920
272,vilyuchinsk,52.9306,158.4028,3.15,93,100,2.93,RU,1683570920
273,kodinsk,58.6881,99.1844,8.28,81,96,2.51,RU,1683570920
274,katsuura,35.1333,140.3,13.24,68,100,8.45,JP,1683570921
275,sarmiento,-45.5882,-69.07,15.72,32,56,11.43,AR,1683570921
276,puerto deseado,-47.7503,-65.8938,13.13,56,100,9.76,AR,1683570922
277,heihe,50.2441,127.4902,5.32,41,14,8.63,CN,1683570922
278,fale old settlement,-9.3852,-171.2468,28.9,76,6,6.02,TK,1683570922
279,vung tau,10.346,107.0843,28.86,75,100,2.76,VN,1683570922
280,thaba nchu,-29.2093,26.839,12.18,67,49,1.45,ZA,1683570923
281,st. john's,47.5649,-52.7093,10.44,80,75,11.83,CA,1683570757
282,al jawf,29.5,38.75,23.11,29,1,3.95,SA,1683570924
283,mugango,-1.6833,33.7,20.57,81,24,1.63,TZ,1683570924
284,jayapura,-2.5333,140.7,24.66,92,100,2.72,ID,1683570924
285,weno,7.4515,151.8468,26.97,89,75,0.0,FM,1683570924
286,ulsteinvik,62.3432,5.8487,15.5,78,100,2.42,NO,1683570925
287,coquimbo,-29.9533,-71.3436,15.85,77,20,4.12,CL,1683570925
288,luderitz,-26.6481,15.1594,16.59,63,0,5.9,NA,1683570925
289,vila velha,-20.3297,-40.2925,23.97,95,40,1.03,BR,1683570926
290,maumere,-8.6199,122.2111,26.63,82,100,2.44,ID,1683570926
291,qalat,32.1058,66.9083,17.8,22,0,3.64,AF,1683570926
292,namdrik,5.5994,168.1028,28.36,80,100,7.29,MH,1683570927
293,south sioux city,42.4739,-96.4136,24.33,52,0,2.57,US,1683570927
294,shizuishan,39.2333,106.7694,15.01,56,100,4.85,CN,1683570927
295,sotkamo,64.1333,28.4167,12.01,99,100,1.14,FI,1683570722
296,saint-philippe,-21.3585,55.7679,24.77,80,100,4.7,RE,1683570928
297,ascension,30.2169,-90.9001,28.33,78,40,0.0,US,1683570928
298,turpan,42.9333,89.1667,19.13,24,100,2.18,CN,1683570929
299,khovd,48.0056,91.6419,3.12,62,71,2.79,MN,1683570929
300,changji,44.0167,87.3167,14.44,38,0,1.0,CN,1683570929
301,baoro,5.6667,15.9667,21.69,89,86,1.67,CF,1683570930
302,praia da vitoria,38.7333,-27.0667,18.14,94,40,0.97,PT,1683570930
303,hickam field,21.338,-157.9588,26.95,65,20,6.71,US,1683570930
304,buala,-8.145,159.5921,27.03,85,69,2.11,SB,1683570930
305,chernyshevskiy,63.0128,112.4714,-3.3,95,100,2.34,RU,1683570931
306,el hamma,33.8915,9.7963,18.62,64,100,10.32,TN,1683570931
307,naze,28.3667,129.4833,19.51,67,54,7.14,JP,1683570931
308,cuatro cienegas de carranza,26.9833,-102.0833,33.52,26,87,3.29,MX,1683570932
309,pendleton,45.6721,-118.7886,18.55,50,75,1.79,US,1683570932
310,sebin karahisar,40.2883,38.4236,8.79,71,99,0.91,TR,1683570932
311,moussoro,13.6408,16.4901,34.76,9,9,4.01,TD,1683570932
312,illizi,26.4833,8.4667,35.89,13,98,6.41,DZ,1683570933
313,east london,-33.0153,27.9116,18.52,88,0,4.12,ZA,1683570933
314,lubango,-14.9172,13.4925,18.92,55,86,1.54,AO,1683570933
315,antsiranana,-12.2787,49.2917,24.88,78,0,5.54,MG,1683570933
316,la passe,45.5549,-0.8967,19.13,79,100,1.72,FR,1683570934
317,seven pagodas,12.6264,80.1722,29.47,80,99,3.6,IN,1683570934
318,fort bragg,35.139,-79.006,29.0,58,100,5.14,US,1683570934
319,tabora,-5.0167,32.8,22.06,65,99,1.52,TZ,1683570935
320,vangaindrano,-23.35,47.6,21.56,90,29,0.67,MG,1683570935
321,mount isa,-20.7333,139.5,12.87,24,5,6.69,AU,1683570935
322,mapimi,25.8167,-103.85,31.43,8,1,0.86,MX,1683570935
323,tukrah,32.5341,20.5791,19.78,56,53,4.85,LY,1683570936
324,new norfolk,-42.7826,147.0587,11.07,67,97,0.89,AU,1683570936
325,prado,-17.3411,-39.2208,26.29,76,3,4.17,BR,1683570775
326,viedma,-40.8135,-62.9967,16.76,40,0,4.31,AR,1683570936
327,ulladulla,-35.35,150.4667,9.64,80,58,3.84,AU,1683570937
328,priozersk,61.0393,30.1291,7.83,68,90,3.92,RU,1683570937
329,reyes,-14.3167,-67.3833,27.98,74,75,0.0,BO,1683570937
330,nemuro,43.3236,145.575,2.05,83,10,2.44,JP,1683570938
331,sidi bennour,32.6524,-8.4277,24.45,48,0,7.62,MA,1683570938
332,santiago de cao,-7.9589,-79.2392,25.07,73,31,5.66,PE,1683570938
333,pointe michel,15.25,-61.3833,32.52,48,20,2.06,DM,1683570938
334,hirara,24.8,125.2833,22.15,78,75,9.26,JP,1683570939
335,hammerfest,70.6634,23.6821,1.25,93,75,1.54,NO,1683570939
336,roxas,11.5853,122.7511,25.64,79,99,0.58,PH,1683570786
337,mogadishu,2.0371,45.3438,27.11,84,2,8.31,SO,1683570655
338,glace bay,46.1969,-59.957,11.26,83,75,2.06,CA,1683570940
339,tebessa,35.4042,8.1242,13.6,72,75,7.2,DZ,1683570940
340,waingapu,-9.6567,120.2641,25.88,84,97,7.12,ID,1683570941
341,kristiansund,63.1115,7.732,14.03,50,75,2.06,NO,1683570941
342,loralai,30.3705,68.598,20.22,15,0,2.87,PK,1683570941
343,garoowe,8.4054,48.4845,29.26,52,60,8.29,SO,1683570942
344,oamaru,-45.0784,170.9801,14.14,81,100,2.76,NZ,1683570646
345,laxey,54.2302,-4.3999,10.81,97,100,4.23,IM,1683570942
346,acarau,-2.8856,-40.12,28.87,75,19,3.44,BR,1683570771
347,amga,60.8953,131.9608,-6.3,82,100,1.61,RU,1683570943
348,usinsk,65.9939,57.5281,0.48,93,100,7.63,RU,1683570943
349,penzance,50.1186,-5.5371,13.38,97,100,5.36,GB,1683570943
350,fort st. john,56.2499,-120.8529,11.94,62,75,5.14,CA,1683570944
351,opuwo,-18.0607,13.84,23.21,31,5,3.65,NA,1683570944
352,mejit,10.2753,170.8646,25.69,89,100,3.15,MH,1683570944
353,binzhou,37.3667,118.0167,15.25,29,100,2.9,CN,1683570944
354,changqing,36.5575,116.7272,14.81,39,100,2.96,CN,1683570945
355,saipan,15.1355,145.701,27.03,100,20,5.14,MP,1683570945
356,zalingei,12.9096,23.4741,32.27,20,79,3.62,SD,1683570945
357,kainantu,-6.2887,145.8655,15.94,97,100,0.53,PG,1683570945
358,yelizovo,53.1873,158.3805,3.08,69,75,2.0,RU,1683570946
359,boxmeer,51.6467,5.9472,18.39,84,40,2.06,NL,1683570946
360,narrabri,-30.3167,149.7833,4.01,80,0,2.2,AU,1683570946
361,pocone,-16.2567,-56.6228,33.98,38,100,0.74,BR,1683570947
362,mar del plata,-38.0023,-57.5575,16.72,90,100,7.2,AR,1683570718
363,nizhnesortymskiy,62.4397,71.7603,-2.86,77,88,8.67,RU,1683570947
364,nchelenge,-9.3451,28.734,20.96,68,5,2.0,ZM,1683570947
365,arafat,21.3594,39.9664,29.12,31,0,4.1,SA,1683570948
366,punta del este,-34.9667,-54.95,18.06,78,75,7.2,UY,1683570948
367,fort wellington,6.4,-57.6,27.28,79,100,3.7,GY,1683570948
368,saint-francois,46.4154,3.9054,18.69,63,20,2.06,FR,1683570903
369,ambilobe,-13.2,49.05,22.87,80,0,1.8,MG,1683570949
370,saldanha,-33.0117,17.9442,15.03,85,5,4.97,ZA,1683570949
371,dosso,13.049,3.1937,35.5,20,36,1.55,NE,1683570949
372,huarmey,-10.0681,-78.1522,25.41,75,60,4.99,PE,1683570950
373,capri,40.5507,14.2426,15.99,94,100,1.37,IT,1683570797
374,general jose de san martin,-26.5374,-59.3416,23.58,52,36,3.03,AR,1683570950
375,harstad,68.799,16.5293,7.66,90,100,6.26,NO,1683570950
376,jaguey grande,22.5269,-81.1286,33.04,40,66,5.55,CU,1683570951
377,la ronge,55.1001,-105.2842,17.14,29,40,5.14,CA,1683570951
378,pangoa,-12.1167,-73.0,21.91,85,100,0.57,PE,1683570951
379,newman,37.3138,-121.0208,20.19,55,2,0.16,US,1683570952
380,balsas,-7.5325,-46.0356,32.48,45,11,2.31,BR,1683570952
381,kourou,5.1552,-52.6478,29.03,79,94,3.56,GF,1683570952
382,altai,46.3722,96.2583,-0.46,59,41,1.63,MN,1683570953
383,la sarre,48.8002,-79.1996,12.74,32,4,4.74,CA,1683570953
384,sao jose da coroa grande,-8.8978,-35.1478,27.57,72,13,3.37,BR,1683570953
385,kingston,17.997,-76.7936,31.53,67,20,9.26,JM,1683570671
386,dezhou,37.4486,116.2925,16.03,32,100,2.98,CN,1683570954
387,aitape,-3.1374,142.3475,26.31,88,100,1.75,PG,1683570954
388,taroa,8.7058,171.2275,27.85,80,100,6.19,MH,1683570955
389,williams lake,52.1415,-122.1445,11.76,62,75,3.09,CA,1683570955
390,badger,64.8,-147.5333,7.51,64,75,2.06,US,1683570955
391,frontera,26.9333,-101.45,31.29,44,75,2.24,MX,1683570956
392,jiuquan,39.7432,98.5174,8.88,55,100,2.26,CN,1683570956
393,tubarjal,30.4999,38.216,23.43,28,7,5.51,SA,1683570956
394,ukhta,63.5671,53.6835,-0.91,89,95,3.23,RU,1683570957
395,abadeh,31.1608,52.6506,19.27,22,1,4.24,IR,1683570957
396,baskil,38.5679,38.8238,9.91,67,29,0.59,TR,1683570957
397,ust'-ilimsk,58.0006,102.6619,8.1,80,53,2.97,RU,1683570925
398,maragogi,-9.0122,-35.2225,27.35,74,11,3.28,BR,1683570958
399,aoulef,26.9667,1.0833,34.09,9,1,6.06,DZ,1683570958
400,emmerich,51.8333,6.25,18.38,78,100,2.04,DE,1683570959
401,ca mau,9.1769,105.15,27.66,82,100,2.11,VN,1683570959
402,chibougamau,49.9168,-74.3659,7.79,31,75,5.66,CA,1683570959
403,ningbo,29.8782,121.5495,10.99,87,0,1.0,CN,1683570959
404,nikolayevsk-on-amure,53.1406,140.73,0.67,85,100,2.1,RU,1683570960
405,jertih,5.7336,102.4897,25.42,92,100,2.0,MY,1683570960
406,nowshahr,36.649,51.496,17.97,88,40,0.0,IR,1683570933
407,ilhabela,-23.7781,-45.3581,26.0,74,16,2.64,BR,1683570960
408,elizabeth city,36.2946,-76.2511,30.59,64,0,3.58,US,1683570961
409,isangel,-19.55,169.2667,21.06,88,40,0.0,VU,1683570961
410,colonia,50.9333,6.95,19.47,76,0,2.06,DE,1683570962
411,bhimunipatnam,17.8833,83.4333,28.73,77,3,3.0,IN,1683570962
412,ketzin,52.4667,12.85,16.21,58,2,5.23,DE,1683570962
413,pelaya,8.6882,-73.6645,36.11,43,81,1.67,CO,1683570963
414,eynesil,41.0645,39.1438,13.37,95,89,3.35,TR,1683570963
415,barbalha,-7.3111,-39.3042,31.89,51,75,4.12,BR,1683570963
416,cangzhou,38.3167,116.8667,16.79,26,100,3.26,CN,1683570964
417,petrolina,-9.3986,-40.5008,33.03,35,40,3.6,BR,1683570964
418,mayakonda,14.2833,76.0833,23.91,83,100,3.29,IN,1683570964
419,zhumysker,49.3333,49.4,9.11,58,100,8.68,KZ,1683570965
420,kill devil hills,36.0307,-75.676,26.0,66,0,0.0,US,1683570965
421,tengrela,10.4869,-6.4097,31.43,42,100,2.64,CI,1683570965
422,kidal,18.4411,1.4078,35.91,7,22,5.04,ML,1683570966
423,wenchang,30.904,118.4887,11.37,76,29,2.56,CN,1683570966
424,maracaju,-21.6144,-55.1683,26.54,69,100,1.53,BR,1683570958
425,saint-joseph,-21.3667,55.6167,24.21,80,99,4.36,RE,1683570966
426,shijiazhuang,38.0414,114.4786,10.92,32,100,0.74,CN,1683570873
427,mangrol,21.1167,70.1167,27.85,78,11,4.86,IN,1683570967
428,la'ie,21.6477,-157.9253,26.98,69,19,3.13,US,1683570967
429,shimoda,34.6667,138.95,10.61,72,100,6.31,JP,1683570968
430,hotan,37.0997,79.9269,13.81,14,100,2.95,CN,1683570968
431,prince rupert,54.3161,-130.3201,10.05,78,0,3.09,CA,1683570966
432,nasiriyah,31.0521,46.261,31.41,10,27,7.03,IQ,1683570968
433,gao,16.6362,1.637,35.35,9,100,3.91,ML,1683570969
434,acapulco de juarez,16.8634,-99.8901,31.9,62,0,3.6,MX,1683570969
435,plastun,44.7561,136.2939,5.56,73,5,3.11,RU,1683570735
436,san borja,-14.8167,-66.85,22.51,93,100,0.76,BO,1683570969
437,alamosa,37.4695,-105.87,18.99,18,0,5.66,US,1683570970
438,fengxiang,47.5833,130.8333,5.47,52,89,4.79,CN,1683570970
439,santa cruz,-17.8,-63.1667,23.03,64,75,6.69,BO,1683570970
440,pacific grove,36.6177,-121.9166,17.82,77,75,3.09,US,1683570970
441,sur,22.5667,59.5289,32.82,31,0,2.5,OM,1683570971
442,zaranj,30.9667,61.8833,23.98,10,0,3.36,AF,1683570971
443,gamay,12.3854,125.2979,24.74,88,31,0.79,PH,1683570971
444,gubkinskiy,64.434,76.5026,-6.21,84,100,16.61,RU,1683570972
445,rio blanco,18.8333,-97.15,31.49,31,7,2.58,MX,1683570972
446,skanor med falsterbo,55.4,12.85,12.9,76,7,9.14,SE,1683570972
447,puerto rico,-26.796,-55.024,23.77,45,100,1.83,AR,1683570972
448,kupang,-10.1667,123.5833,25.57,84,96,6.68,ID,1683570973
449,sao bento,-6.2833,-37.75,32.16,27,11,2.86,BR,1683570973
450,rio grande,-32.035,-52.0986,25.06,66,0,6.38,BR,1683570973
451,atlanta,33.749,-84.388,28.97,58,75,6.17,US,1683570869
452,east end,34.5507,-92.341,29.3,65,100,3.9,US,1683570974
453,sisimiut,66.9395,-53.6735,0.55,82,82,6.89,GL,1683570974
454,alice,27.7523,-98.0697,31.94,62,40,6.69,US,1683570974
455,zaragoza,41.6561,-0.8773,27.25,20,0,7.2,ES,1683570844
456,mawu,29.5923,107.3139,15.96,87,100,0.63,CN,1683570975
457,taltal,-25.4,-70.4833,21.71,60,22,3.61,CL,1683570975
458,puerto ayacucho,5.6639,-67.6236,35.22,43,88,1.63,VE,1683570696
459,kobryn,52.2138,24.3564,6.49,65,50,3.04,BY,1683570976
460,hilo,19.7297,-155.09,25.16,75,20,2.06,US,1683570788
461,sogndal,61.2283,7.1003,12.21,57,75,2.57,NO,1683570977
462,itati,-27.2704,-58.2446,22.57,57,100,3.04,AR,1683570977
463,arteche,12.2645,125.4048,25.19,85,26,0.75,PH,1683570978
464,thinadhoo,0.5333,72.9333,28.2,75,11,4.63,MV,1683570978
465,kingscliff,-28.2667,153.5667,12.89,35,0,4.63,AU,1683570978
466,parksville,49.3163,-124.3195,16.44,70,95,6.17,CA,1683570978
467,gebeit,21.0667,36.3167,25.88,41,0,2.56,SD,1683570979
468,minas de marcona,-15.2119,-75.1103,20.38,61,4,7.56,PE,1683570979
469,hamilton,39.1834,-84.5333,26.54,63,0,3.6,US,1683570828
470,jodiya bandar,22.7167,70.2833,28.1,75,4,7.0,IN,1683570979
471,sitka,57.0531,-135.33,8.94,61,75,2.06,US,1683570980
472,preobrazheniye,42.9019,133.9064,7.22,73,0,3.63,RU,1683570980
473,balqash,46.8481,74.995,18.31,33,1,4.22,KZ,1683570981
474,rio preto da eva,-2.6994,-59.6997,30.25,69,31,1.5,BR,1683570981
475,kadiri,14.1167,78.1667,26.56,71,100,1.07,IN,1683570981
476,greenland,43.0362,-70.8328,23.48,24,20,8.23,US,1683570982
477,uberaba,-19.7483,-47.9319,28.32,39,0,2.57,BR,1683570982
478,trinity beach,-16.7888,145.6968,23.36,83,40,4.63,AU,1683570982
479,santiago de cuba,20.0247,-75.8219,30.06,66,40,3.6,CU,1683570982
480,new plymouth,-39.0667,174.0833,17.53,100,100,0.45,NZ,1683570947
481,dhidhdhoo,6.8833,73.1,29.4,70,53,5.13,MV,1683570686
482,mineral wells,32.8085,-98.1128,31.26,51,0,5.14,US,1683570983
483,akdagmadeni,39.6603,35.8836,8.35,84,54,1.99,TR,1683570984
484,saint john,45.2727,-66.0677,17.0,25,40,10.29,CA,1683570764
485,rurrenabaque,-14.4413,-67.5278,27.83,83,75,0.0,BO,1683570984
486,aras-asan,8.8908,126.3033,25.17,83,58,2.1,PH,1683570984
487,belyy yar,53.6039,91.3903,9.94,46,0,2.0,RU,1683570985
488,along,28.1667,94.7667,16.48,84,15,0.8,IN,1683570985
489,kerema,-7.9631,145.7785,25.28,95,100,1.34,PG,1683570985
490,santana,-0.0583,-51.1817,29.1,79,75,3.6,BR,1683570986
491,moose jaw,50.4001,-105.5344,16.15,59,75,5.66,CA,1683570986
492,al kharijah,25.4514,30.5464,24.43,27,0,3.8,EG,1683570986
493,tarauaca,-8.1614,-70.7656,24.16,98,91,1.96,BR,1683570986
494,selfoss,63.9331,-20.9971,10.58,91,100,1.86,IS,1683570987
495,sinabang,2.4803,96.3801,25.0,87,100,0.46,ID,1683570987
496,tromso,69.6496,18.957,5.01,81,75,6.17,NO,1683570897
497,ishigaki,24.3448,124.1572,21.07,83,75,3.09,JP,1683570988
498,den chai,17.9837,100.0522,26.63,88,100,1.05,TH,1683570988
499,freetown,8.484,-13.2299,26.84,78,75,4.12,SL,1683570988
500,sorong,-0.8833,131.25,26.44,85,39,1.96,ID,1683570989
501,mana,5.6592,-53.7767,26.14,89,100,4.11,GF,1683570989
502,zurrieq,35.8311,14.4742,17.76,88,0,4.12,MT,1683570989
503,noosa heads,-26.3833,153.15,8.39,50,0,5.03,AU,1683570989
504,gueret,46.1667,1.8667,12.54,91,100,0.46,FR,1683570990
505,nantucket,41.2835,-70.0995,23.03,65,0,5.66,US,1683570697
506,erenhot,43.6475,111.9767,14.61,21,100,3.34,CN,1683570990
507,talara,-4.5772,-81.2719,32.42,55,0,7.72,PE,1683570990
508,oum hadjer,13.2954,19.6966,36.68,21,5,3.06,TD,1683570991
509,paita,-5.0892,-81.1144,27.86,68,7,5.87,PE,1683570991
510,awjilah,29.1081,21.2869,25.22,22,45,3.87,LY,1683570991
511,ozar,20.1,73.9333,27.84,50,57,2.75,IN,1683570991
512,usakos,-22.0,15.6,23.93,19,0,2.35,NA,1683570992
513,ghanzi,-21.5667,21.7833,20.8,30,0,2.44,BW,1683570992
514,puerto madero,14.7208,-92.4215,34.11,62,40,5.14,MX,1683570992
515,ixtapa,20.7,-105.2,29.57,62,40,4.63,MX,1683570992
516,vodnyy,63.5046,53.4095,-0.87,87,88,3.58,RU,1683570993
517,taguatinga,-12.3857,-46.5711,31.85,35,100,1.6,BR,1683570993
518,undurkhaan,47.3194,110.6556,11.66,35,84,1.9,MN,1683570993
519,reuleuet,5.2167,96.2833,26.35,82,100,2.27,ID,1683570994
520,lubuklinggau,-3.3,102.8667,23.31,94,100,1.1,ID,1683570994
521,maceio,-9.6658,-35.7353,29.69,65,40,4.63,BR,1683570827
522,montagu,-40.7667,144.9667,11.88,77,100,5.58,AU,1683570994
523,bardai,11.65,7.2333,31.7,21,54,3.19,NG,1683570995
524,gumla,23.05,84.55,28.39,29,38,2.22,IN,1683570995
525,broome,42.2506,-75.833,20.39,46,0,7.72,US,1683570995
526,alappuzha,9.49,76.3264,27.65,81,93,3.55,IN,1683570995
527,glen innes,-29.7333,151.7333,1.23,64,0,2.17,AU,1683570996
528,mount gambier,-37.8333,140.7667,11.09,83,85,2.26,AU,1683570962
529,pyapon,16.2833,95.6833,29.26,67,53,2.84,MM,1683570996
530,uliastay,47.7417,96.8444,1.65,62,100,1.79,MN,1683570996
531,lazaro cardenas,17.9583,-102.2,32.0,47,3,4.9,MX,1683570967
532,sosua,19.7667,-70.5167,29.34,67,66,7.96,DO,1683570997
533,biankouma,7.7391,-7.6138,27.29,59,59,0.46,CI,1683570997
534,tutong,4.8,114.65,27.05,92,100,1.67,BN,1683570997
535,nuku'alofa,-21.1333,-175.2,25.19,94,75,2.06,TO,1683570998
536,latakia,35.5148,35.7768,18.1,76,1,1.24,SY,1683570998
537,kalifornsky,60.4183,-151.29,7.19,65,0,3.09,US,1683570998
538,thunder bay,48.4001,-89.3168,13.95,47,75,5.14,CA,1683570917
539,justo daract,-33.8594,-65.1828,20.63,31,3,0.8,AR,1683570999
540,castel bolognese,44.3207,11.7999,19.88,80,100,1.48,IT,1683570999
541,sao vicente,-23.9631,-46.3919,32.93,55,100,4.12,BR,1683570999
542,urangan,-25.3,152.9,11.5,49,83,5.04,AU,1683571000
543,revda,56.801,59.9303,-0.16,68,7,1.67,RU,1683571000
544,pangody,65.85,74.4859,-7.92,89,100,14.26,RU,1683571000
545,sao gabriel da cachoeira,-0.1303,-67.0892,29.89,84,75,1.54,BR,1683571001
546,seguela,7.9611,-6.6731,29.78,49,98,2.86,CI,1683571001
547,ambon,-3.6954,128.1814,25.08,94,40,1.54,ID,1683571001
548,kuressaare,58.2481,22.5039,8.86,76,36,2.06,EE,1683571001
549,manakara,-22.1333,48.0167,21.14,91,18,1.08,MG,1683571002
550,argo,37.6333,22.7333,20.99,62,100,0.29,GR,1683571002
551,fosses,49.0981,2.5096,18.91,72,75,2.06,FR,1683571007
552,taoudenni,22.6783,-3.9836,39.97,8,100,4.48,ML,1683571008
553,yalvac,38.2956,31.1778,11.54,71,69,2.0,TR,1683571008
554,pasuquin,18.3328,120.6177,27.97,78,40,2.57,PH,1683571008
555,lengshuitan,26.4111,111.5956,17.4,88,96,0.28,CN,1683571008
556,tabas,33.5959,56.9244,30.12,11,0,2.06,IR,1683571009
557,rikaze,29.25,88.8833,7.14,40,0,2.29,CN,1683571009
558,simanggang,1.2472,111.4528,23.99,94,88,0.0,MY,1683571009
559,cidade velha,14.9167,-23.6167,26.26,61,20,10.29,CV,1683571010
560,ilebo,-4.3167,20.5833,23.05,90,99,1.1,CD,1683571010
561,cabedelo,-6.9811,-34.8339,30.37,73,89,5.25,BR,1683571010
562,rawson,-43.3002,-65.1023,16.98,39,9,4.57,AR,1683570774
563,kuantan,3.8077,103.326,27.06,89,20,0.0,MY,1683571011
564,dabou,5.3256,-4.3769,27.5,81,12,3.61,CI,1683571011
565,vygonichi,53.0985,34.0673,7.06,39,57,2.0,RU,1683571011
566,berdigestyakh,62.0989,126.6992,-17.31,99,48,0.6,RU,1683571011
567,leninskoye,41.7589,69.3864,13.24,52,0,1.88,KZ,1683571012
568,homer,59.6425,-151.5483,6.13,76,75,4.47,US,1683571012
569,salima,-13.7804,34.4587,18.58,70,0,1.98,MW,1683571012
570,jayanca,-6.3908,-79.8219,30.72,50,14,5.64,PE,1683571013
571,wenshui,28.4506,106.5267,12.69,93,100,1.75,CN,1683571013
572,pariaman,-0.619,100.12,25.03,81,100,2.15,ID,1683571013
573,al qubbah,32.7616,22.2424,15.54,54,100,1.89,LY,1683571013
574,ebon,4.582,168.6964,28.22,81,100,6.56,MH,1683571014
575,marksville,31.128,-92.0662,25.48,66,100,5.36,US,1683571014
576,bamboo flat,11.7,92.7167,29.2,78,100,3.56,IN,1683571014
577,portland,45.5234,-122.6762,17.67,63,75,2.57,US,1683570931
578,chumphon,10.3333,98.8333,23.68,94,100,0.42,TH,1683571015
579,ghat,24.9647,10.1728,32.42,14,100,3.27,LY,1683571015
580,carnarvon,-24.8667,113.6333,22.62,64,52,1.18,AU,1683571015
581,arno,60.1167,18.6333,5.99,57,35,5.22,SE,1683571016
582,ta`u,-14.2336,-169.5144,27.62,79,37,6.03,AS,1683571016
583,sault ste. marie,46.5168,-84.3333,12.9,50,75,4.63,CA,1683571006
584,kone,-21.0595,164.8658,20.96,89,100,1.39,NC,1683571016
585,sumbawa besar,-8.5,117.4333,22.74,94,100,2.38,ID,1683571017
586,tsumeb,-19.2333,17.7167,24.18,26,77,3.52,NA,1683571017
